{
    "extrinsic": {
        "baseline": 0.209313, 
        "pitch": 0.038, 
        "roll": 0.0, 
        "x": 1.7, 
        "y": 0.1, 
        "yaw": -0.0195, 
        "z": 1.22
    }, 
    "intrinsic": {
        "fx": 2262.52, 
        "fy": 2265.3017905988554, 
        "u0": 1096.98, 
        "v0": 513.137
    }
}