{
    "extrinsic": {
        "baseline": 0.222126, 
        "pitch": 0.05, 
        "roll": 0.0, 
        "x": 1.7, 
        "y": -0.1, 
        "yaw": 0.007, 
        "z": 1.18
    }, 
    "intrinsic": {
        "fx": 2268.36, 
        "fy": 2225.5405988775956, 
        "u0": 1048.64, 
        "v0": 519.277
    }
}